{
  "POST Books" : {
    "transaction" : "POST Books",
    "sampleCount" : 10,
    "errorCount" : 0,
    "errorPct" : 0.0,
    "meanResTime" : 71.1,
    "medianResTime" : 68.0,
    "minResTime" : 61.0,
    "maxResTime" : 100.0,
    "pct1ResTime" : 97.4,
    "pct2ResTime" : 100.0,
    "pct3ResTime" : 100.0,
    "throughput" : 6.349206349206349,
    "receivedKBytesPerSec" : 1.6245039682539684,
    "sentKBytesPerSec" : 1.5562996031746033
  },
  "Total" : {
    "transaction" : "Total",
    "sampleCount" : 39,
    "errorCount" : 0,
    "errorPct" : 0.0,
    "meanResTime" : 104.00000000000003,
    "medianResTime" : 74.0,
    "minResTime" : 61.0,
    "maxResTime" : 602.0,
    "pct1ResTime" : 120.0,
    "pct2ResTime" : 440.0,
    "pct3ResTime" : 602.0,
    "throughput" : 18.91367604267701,
    "receivedKBytesPerSec" : 513.3673504182833,
    "sentKBytesPerSec" : 3.9171427921920468
  },
  "DELETE Book" : {
    "transaction" : "DELETE Book",
    "sampleCount" : 9,
    "errorCount" : 0,
    "errorPct" : 0.0,
    "meanResTime" : 67.77777777777777,
    "medianResTime" : 69.0,
    "minResTime" : 63.0,
    "maxResTime" : 71.0,
    "pct1ResTime" : 71.0,
    "pct2ResTime" : 71.0,
    "pct3ResTime" : 71.0,
    "throughput" : 6.741573033707866,
    "receivedKBytesPerSec" : 1.3891327247191012,
    "sentKBytesPerSec" : 1.7314782303370786
  },
  "GET Books" : {
    "transaction" : "GET Books",
    "sampleCount" : 11,
    "errorCount" : 0,
    "errorPct" : 0.0,
    "meanResTime" : 182.27272727272728,
    "medianResTime" : 108.0,
    "minResTime" : 95.0,
    "maxResTime" : 602.0,
    "pct1ResTime" : 569.6000000000001,
    "pct2ResTime" : 602.0,
    "pct3ResTime" : 602.0,
    "throughput" : 5.33462657613967,
    "receivedKBytesPerSec" : 508.07013821532496,
    "sentKBytesPerSec" : 0.8700025763821533
  },
  "GET Book" : {
    "transaction" : "GET Book",
    "sampleCount" : 9,
    "errorCount" : 0,
    "errorPct" : 0.0,
    "meanResTime" : 81.11111111111111,
    "medianResTime" : 77.0,
    "minResTime" : 72.0,
    "maxResTime" : 110.0,
    "pct1ResTime" : 110.0,
    "pct2ResTime" : 110.0,
    "pct3ResTime" : 110.0,
    "throughput" : 6.617647058823529,
    "receivedKBytesPerSec" : 4.786592371323529,
    "sentKBytesPerSec" : 1.118020450367647
  }
}